First,Last,RookieYear,Brand,Year,CardNumber
Bob,Elliott,1948,Bowman,1948,1
Ewell,Blackwell,1948,Bowman,1948,2
Ralph,Kiner,1948,Bowman,1948,3
Johnny,Mize,,Bowman,1948,4
Bob,Feller,,Bowman,1948,5
Pete,Reiser,,Bowman,1948,7
Phil,Rizzuto,1948,Bowman,1948,8
Walker,Cooper,,Bowman,1948,9
Buddy,Rosar,,Bowman,1948,10
Johnny,Lindell,,Bowman,1948,11
Johnny,Sain,1948,Bowman,1948,12
Willard,Marshall,,Bowman,1948,13
Allie,Reynolds,1948,Bowman,1948,14
Eddie,Joost,,Bowman,1948,15
Jack,Lohrke,,Bowman,1948,16
Enos,Slaughter,,Bowman,1948,17
Warren,Spahn,1948,Bowman,1948,18
Tommy,Henrich,,Bowman,1948,19
Buddy,Kerr,,Bowman,1948,20
Ferris,Fain,1948,Bowman,1948,21
Floyd,Bevens,1948,Bowman,1948,22
Larry,Jansen,1948,Bowman,1948,23
Dutch,Leonard,,Bowman,1948,24
Barney,McCosky,,Bowman,1948,25
Frank,Shea,1948,Bowman,1948,26
Sid,Gordon,,Bowman,1948,27
Emil,Verban,,Bowman,1948,28
Joe,Page,1948,Bowman,1948,29
Whitey,Lockman,1948,Bowman,1948,30
Bill,McCahan,,Bowman,1948,31
Bill,Rigney,,Bowman,1948,32
Bill,Johnson,,Bowman,1948,33
Sheldon,Jones,,Bowman,1948,34
Snuffy,Stirnweiss,1948,Bowman,1948,35
Stan,Musial,1948,Bowman,1948,36
Clint,Hartung,1948,Bowman,1948,37
Red,Schoendienst,1948,Bowman,1948,38
Augie,Galan,,Bowman,1948,39
Marty,Marion,1948,Bowman,1948,40
Rex,Barney,1948,Bowman,1948,41
Ray,Poat,,Bowman,1948,42
Bruce,Edwards,,Bowman,1948,43
Johnny,Wyrostek,,Bowman,1948,44
Hank,Sauer,1948,Bowman,1948,45
Herman,Wehmeier,,Bowman,1948,46
Bobby,Thomson,1948,Bowman,1948,47
Dave,Koslo,1948,Bowman,1948,48
Bowman,Baseball Card Checklist,,Bowman,1948,1948
Bobby,Brown,,Bowman,1950,101
Billy,Johnson,,Bowman,1950,102
Eddie,Joost,,Bowman,1950,103
Sam,Chapman,,Bowman,1950,104
Bob,Dillinger,,Bowman,1950,105
Cliff,Fannin,,Bowman,1950,106
Sam,Dente,1950,Bowman,1950,107
Ray,Scarborough,,Bowman,1950,108
Sid,Gordon,,Bowman,1950,109
Tommy,Holmes,,Bowman,1950,110
Walker,Cooper,,Bowman,1950,111
Gil,Hodges,,Bowman,1950,112
Gene,Hermanski,,Bowman,1950,113
Wayne,Terwilliger,1950,Bowman,1950,114
Roy,Smalley,,Bowman,1950,115
Virgil,Stallcup,,Bowman,1950,116
Bill,Rigney,,Bowman,1950,117
Clint,Hartung,,Bowman,1950,118
Dick,Sisler,,Bowman,1950,119
John,Thompson,,Bowman,1950,120
Andy,Seminick,,Bowman,1950,121
Johnny,Hopp,,Bowman,1950,122
Dino,Restelli,1950,Bowman,1950,123
Clyde,McCullough,,Bowman,1950,124
Del,Rice,1950,Bowman,1950,125
Al,Brazle,,Bowman,1950,126
Dave,Philley,,Bowman,1950,127
Phil,Masi,,Bowman,1950,128
Joe,Gordon,,Bowman,1950,129
Dale,Mitchell,,Bowman,1950,130
Steve,Gromek,,Bowman,1950,131
Mickey,Vernon,,Bowman,1950,132
Don,Kolloway,,Bowman,1950,133
Paul,Trout,,Bowman,1950,134
Pat,Mullin,,Bowman,1950,135
Buddy,Rosar,,Bowman,1950,136
Johnny,Pesky,,Bowman,1950,137
Allie,Reynolds,,Bowman,1950,138
Johnny,Mize,,Bowman,1950,139
Pete,Suder,1950,Bowman,1950,140
Joe,Coleman,1950,Bowman,1950,141
Sherman,Lollar,1950,Bowman,1950,142
Eddie,Stewart,,Bowman,1950,143
Al,Evans,,Bowman,1950,144
Jack,Graham,1950,Bowman,1950,145
Floyd,Baker,,Bowman,1950,146
Mike,Garcia,1950,Bowman,1950,147
Early,Wynn,,Bowman,1950,148
Bob,Swift,,Bowman,1950,149
George,Vico,,Bowman,1950,150
Fred,Hutchinson,,Bowman,1950,151
Ellis,Kinder,1950,Bowman,1950,152
Walt,Masterson,,Bowman,1950,153
Gus,Niarhos,,Bowman,1950,154
Frank,Shea,,Bowman,1950,155
Fred,Sanford,,Bowman,1950,156
Mike,Guerra,,Bowman,1950,157
Paul,Lehner,,Bowman,1950,158
Joe,Tipton,,Bowman,1950,159
Mickey,Harris,,Bowman,1950,160
Sherry,Robertson,1950,Bowman,1950,161
Eddie,Yost,,Bowman,1950,162
Earl,Torgeson,,Bowman,1950,163
Sibby,Sisti,,Bowman,1950,164
Bruce,Edwards,,Bowman,1950,165
Joe,Hatton,,Bowman,1950,166
Preacher,Roe,,Bowman,1950,167
Bob,Scheffing,,Bowman,1950,168
Hank,Edwards,,Bowman,1950,169
Dutch,Leonard,,Bowman,1950,170
Harry,Gumbert,,Bowman,1950,171
Peanuts,Lowrey,,Bowman,1950,172
Lloyd,Merriman,1950,Bowman,1950,173
Hank,Thompson,1950,Bowman,1950,174
Monte,Kennedy,,Bowman,1950,175
Sylvester,Donnelly,,Bowman,1950,176
Hank,Borowy,,Bowman,1950,177
Ed,Fitzgerald,,Bowman,1950,178
Chuck,Diering,1950,Bowman,1950,179
Harry,Walker,,Bowman,1950,180
Marino,Pieretti,,Bowman,1950,181
Marino,Pieretti NC,,Bowman,1950,181A
Sam,Zoldak,,Bowman,1950,182
Sam,Zoldak NC,,Bowman,1950,182A
Mickey,Haefner,,Bowman,1950,183
Mickey,Haefner NC,,Bowman,1950,183A
Randy,Gumpert,,Bowman,1950,184
Randy,Gumpert NC,,Bowman,1950,184A
Howie,Judson,1950,Bowman,1950,185
Howie,Judson NC,,Bowman,1950,185A
Ken,Keltner,,Bowman,1950,186
Ken,Keltner NC,,Bowman,1950,186A
Lou,Stringer,,Bowman,1950,187
Lou,Stringer NC,,Bowman,1950,187A
Earl,Johnson,,Bowman,1950,188
Earl,Johnson NC,,Bowman,1950,188A
Owen,Friend,1950,Bowman,1950,189
Owen,Friend NC,,Bowman,1950,189A
Ken,Wood,1950,Bowman,1950,190
Ken,Wood NC,,Bowman,1950,190A
Dick,Starr,1950,Bowman,1950,191
Dick,Starr NC,,Bowman,1950,191A
Bob,Chipman,,Bowman,1950,192
Bob,Chipman NC,,Bowman,1950,192A
Pete,Reiser,,Bowman,1950,193
Pete,Reiser NC,,Bowman,1950,193A
Billy,Cox,,Bowman,1950,194
Billy,Cox NC,,Bowman,1950,194A
Phil,Cavarretta,,Bowman,1950,195
Phil,Cavarretta NC,,Bowman,1950,195A
Doyle,Lade,,Bowman,1950,196
Doyle,Lade NC,,Bowman,1950,196A
Johnny,Wyrostek,,Bowman,1950,197
Johnny,Wyrostek NC,,Bowman,1950,197A
Danny,Litwhiler,,Bowman,1950,198
Danny,Litwhiler NC,,Bowman,1950,198A
Jack,Kramer,,Bowman,1950,199
Jack,Kramer NC,,Bowman,1950,199A
Kirby,Higbe,,Bowman,1950,200
Kirby,Higbe NC,,Bowman,1950,200A
Pete,Castiglione,1950,Bowman,1950,201
Pete,Castiglione NC,,Bowman,1950,201A
Cliff,Chambers,1950,Bowman,1950,202
Cliff,Chambers NC,,Bowman,1950,202A
Danny,Murtaugh,,Bowman,1950,203
Danny,Murtaugh NC,,Bowman,1950,203A
Granny,Hamner,1950,Bowman,1950,204
Granny,Hamner NC,,Bowman,1950,204A
Mike,Goliat,1950,Bowman,1950,205
Mike,Goliat NC,,Bowman,1950,205A
Stan,Lopata,,Bowman,1950,206
Stan,Lopata NC,,Bowman,1950,206A
Max,Lanier,1950,Bowman,1950,207
Max,Lanier NC,,Bowman,1950,207A
Jim,Hearn,,Bowman,1950,208
Jim,Hearn NC,,Bowman,1950,208A
Johnny,Lindell,,Bowman,1950,209
Johnny,Lindell NC,,Bowman,1950,209A
Ted,Gray,,Bowman,1950,210
Ted,Gray NC,,Bowman,1950,210A
Charlie,Keller,,Bowman,1950,211
Charlie,Keller NC,,Bowman,1950,211A
Jerry,Priddy,,Bowman,1950,212
Jerry,Priddy NC,,Bowman,1950,212A
Carl,Scheib,,Bowman,1950,213
Carl,Scheib NC,,Bowman,1950,213A
Dick,Fowler,,Bowman,1950,214
Dick,Fowler NC,,Bowman,1950,214A
Ed,Lopat,,Bowman,1950,215
Ed,Lopat NC,,Bowman,1950,215A
Bob,Porterfield,,Bowman,1950,216
Bob,Porterfield NC,,Bowman,1950,216A
Casey,Stengel,,Bowman,1950,217
Casey,Stengel MG NC,,Bowman,1950,217A
Cliff,Mapes,1950,Bowman,1950,218
Cliff,Mapes NC,,Bowman,1950,218A
Hank,Bauer,1950,Bowman,1950,219
Hank,Bauer NC,,Bowman,1950,219A
Leo,Durocher,,Bowman,1950,220
Leo,Durocher MG NC,,Bowman,1950,220A
Don,Mueller,1950,Bowman,1950,221
Don,Mueller NC,,Bowman,1950,221A
Bobby,Morgan,1950,Bowman,1950,222
Bobby,Morgan NC,,Bowman,1950,222A
Jim,Russell,,Bowman,1950,223
Jim,Russell NC,,Bowman,1950,223A
Jack,Banta,1950,Bowman,1950,224
Jack,Banta NC,,Bowman,1950,224A
Eddie,Sawyer,1950,Bowman,1950,225
Eddie,Sawyer MG NC,,Bowman,1950,225A
Jim,Konstanty,1950,Bowman,1950,226
Jim,Konstanty NC,,Bowman,1950,226A
Bob,Miller,1950,Bowman,1950,227
Bob,Miller NC,,Bowman,1950,227A
Bill,Nicholson,,Bowman,1950,228
Bill,Nicholson NC,,Bowman,1950,228A
Frankie,Frisch,,Bowman,1950,229
Frankie,Frisch MG NC,,Bowman,1950,229A
Bill,Serena,1950,Bowman,1950,230
Bill,Serena NC,,Bowman,1950,230A
Preston,Ward,1950,Bowman,1950,231
Preston,Ward NC,,Bowman,1950,231A
Al,Rosen,1950,Bowman,1950,232
Al,Rosen NC,,Bowman,1950,232A
Allie,Clark,,Bowman,1950,233
Allie,Clark NC,,Bowman,1950,233A
Bobby,Shantz,1950,Bowman,1950,234
Bobby,Shantz NC,,Bowman,1950,234A
Harold,Gilbert,1950,Bowman,1950,235
Harold,Gilbert NC,,Bowman,1950,235A
Bob,Cain,1950,Bowman,1950,236
Bob,Cain NC,,Bowman,1950,236A
Bill,Salkeld,,Bowman,1950,237
Bill,Salkeld NC,,Bowman,1950,237A
Nippy,Jones,1950,Bowman,1950,238
Nippy,Jones NC,,Bowman,1950,238A
Bill,Howerton,1950,Bowman,1950,239
Bill,Howerton NC,,Bowman,1950,239A
Eddie,Lake,,Bowman,1950,240
Eddie,Lake NC,,Bowman,1950,240A
Neil,Berry,1950,Bowman,1950,241
Neil,Berry NC,,Bowman,1950,241A
Dick,Kryhoski,,Bowman,1950,242
Dick,Kryhoski NC,,Bowman,1950,242A
Johnny,Groth,1950,Bowman,1950,243
Johnny,Groth NC,,Bowman,1950,243A
Dale,Coogan,1950,Bowman,1950,244
Dale,Coogan NC,,Bowman,1950,244A
Al,Papai,1950,Bowman,1950,245
Al,Papai NC,,Bowman,1950,245A
Walt,Dropo,1950,Bowman,1950,246
Walt,Dropo NC,,Bowman,1950,246A
Irv,Noren,1950,Bowman,1950,247
Irv,Noren NC,,Bowman,1950,247A
Sam,Jethroe,1950,Bowman,1950,248
Sam,Jethroe NC,,Bowman,1950,248A
Snuffy,Stirnweiss,,Bowman,1950,249
Snuffy,Stirnweiss NC,,Bowman,1950,249A
Ray,Coleman,1950,Bowman,1950,250
Ray,Coleman NC,,Bowman,1950,250A
Les,Moss,1950,Bowman,1950,251
Les,Moss NC,,Bowman,1950,251A
Billy,DeMars NC,,Bowman,1950,252A
Whitey,Ford,1951,Bowman,1951,1
Yogi,Berra,,Bowman,1951,2
Robin,Roberts,,Bowman,1951,3
Del,Ennis,,Bowman,1951,4
Dale,Mitchell,,Bowman,1951,5
Don,Newcombe,,Bowman,1951,6
Gil,Hodges,,Bowman,1951,7
Paul,Lehner,,Bowman,1951,8
Sam,Chapman,,Bowman,1951,9
Red,Schoendienst,,Bowman,1951,10
George,Munger,,Bowman,1951,11
Hank,Majeski,,Bowman,1951,12
Eddie,Stanky,,Bowman,1951,13
Alvin,Dark,,Bowman,1951,14
Johnny,Pesky,,Bowman,1951,15
Maurice,McDermott,,Bowman,1951,16
Pete,Castiglione,,Bowman,1951,17
Gil,Coan,,Bowman,1951,18
Sid,Gordon,,Bowman,1951,19
Del,Crandall,,Bowman,1951,20
Snuffy,Stirnweiss,,Bowman,1951,21
Hank,Sauer,,Bowman,1951,22
Hoot,Evers,,Bowman,1951,23
Ewell,Blackwell,,Bowman,1951,24
Vic,Raschi,,Bowman,1951,25
Phil,Rizzuto,,Bowman,1951,26
Jim,Konstanty,,Bowman,1951,27
Eddie,Waitkus,,Bowman,1951,28
Allie,Clark,,Bowman,1951,29
Bob,Feller,,Bowman,1951,30
Roy,Campanella,,Bowman,1951,31
Duke,Snider,,Bowman,1951,32
Bob,Hooper,1951,Bowman,1951,33
Marty,Marion,,Bowman,1951,34
Al,Zarilla,,Bowman,1951,35
Joe,Dobson,,Bowman,1951,36
Whitey,Lockman,,Bowman,1951,37
Al,Evans,,Bowman,1951,38
Ray,Scarborough,,Bowman,1951,39
Gus,Bell,1951,Bowman,1951,40
Eddie,Yost,,Bowman,1951,41
Vern,Bickford,,Bowman,1951,42
Billy,DeMars,,Bowman,1951,43
Roy,Smalley,,Bowman,1951,44
Art,Houtteman,,Bowman,1951,45
George,Kell,,Bowman,1951,46
Grady,Hatton,,Bowman,1951,47
Ken,Raffensberger,,Bowman,1951,48
Jerry,Coleman,,Bowman,1951,49
Johnny,Mize,,Bowman,1951,50
Andy,Seminick,,Bowman,1951,51
Dick,Sisler,,Bowman,1951,52
Bob,Lemon,,Bowman,1951,53
Ray,Boone,1951,Bowman,1951,54
Gene,Hermanski,,Bowman,1951,55
Ralph,Branca,,Bowman,1951,56
Alex,Kellner,,Bowman,1951,57
Enos,Slaughter,,Bowman,1951,58
Randy,Gumpert,,Bowman,1951,59
Chico,Carrasquel,1951,Bowman,1951,60
Jim,Hearn,,Bowman,1951,61
Lou,Boudreau,,Bowman,1951,62
Bob,Dillinger,,Bowman,1951,63
Bill,Werle,,Bowman,1951,64
Mickey,Vernon,,Bowman,1951,65
Bob,Elliott,,Bowman,1951,66
Roy,Sievers,,Bowman,1951,67
Dick,Kokos,,Bowman,1951,68
Johnny,Schmitz,,Bowman,1951,69
Ron,Northey,,Bowman,1951,70
Jerry,Priddy,,Bowman,1951,71
Lloyd,Merriman,,Bowman,1951,72
Tommy,Byrne,1951,Bowman,1951,73
Billy,Johnson,,Bowman,1951,74
Russ,Meyer,1951,Bowman,1951,75
Stan,Lopata,,Bowman,1951,76
Mike,Goliat,,Bowman,1951,77
Early,Wynn,,Bowman,1951,78
Jim,Hegan,,Bowman,1951,79
Pee,Wee Reese,,Bowman,1951,80
Carl,Furillo,,Bowman,1951,81
Joe,Tipton,,Bowman,1951,82
Carl,Scheib,,Bowman,1951,83
Barney,McCosky,,Bowman,1951,84
Eddie,Kazak,,Bowman,1951,85
Harry,Brecheen,,Bowman,1951,86
Floyd,Baker,,Bowman,1951,87
Eddie,Robinson,,Bowman,1951,88
Hank,Thompson,,Bowman,1951,89
Dave,Koslo,,Bowman,1951,90
Clyde,Vollmer,,Bowman,1951,91
Vern,Stephens,,Bowman,1951,92
Danny,O'Connell,1951,Bowman,1951,93
Clyde,McCullough,,Bowman,1951,94
Sherry,Robertson,,Bowman,1951,95
Sandy,Consuegra,1951,Bowman,1951,96
Bob,Kuzava,,Bowman,1951,97
Willard,Marshall,,Bowman,1951,98
Earl,Torgeson,,Bowman,1951,99
Sherm,Lollar,,Bowman,1951,100
Owen,Friend,,Bowman,1951,101
Dutch,Leonard,,Bowman,1951,102
Andy,Pafko,,Bowman,1951,103
Virgil,Trucks,,Bowman,1951,104
Don,Kolloway,,Bowman,1951,105
Pat,Mullin,,Bowman,1951,106
Johnny,Wyrostek,,Bowman,1951,107
Virgil,Stallcup,,Bowman,1951,108
Allie,Reynolds,,Bowman,1951,109
Bobby,Brown,,Bowman,1951,110
Curt,Simmons,,Bowman,1951,111
Willie,Jones,,Bowman,1951,112
Bill,Nicholson,,Bowman,1951,113
Sam,Zoldak,,Bowman,1951,114
Steve,Gromek,,Bowman,1951,115
Bruce,Edwards,,Bowman,1951,116
Eddie,Miksis,1951,Bowman,1951,117
Preacher,Roe,,Bowman,1951,118
Eddie,Joost,,Bowman,1951,119
Joe,Coleman,,Bowman,1951,120
Gerry,Staley,1951,Bowman,1951,121
Joe,Garagiola,1951,Bowman,1951,122
Howie,Judson,,Bowman,1951,123
Gus,Niarhos,,Bowman,1951,124
Bill,Rigney,,Bowman,1951,125
Bobby,Thomson,,Bowman,1951,126
Sal,Maglie,1951,Bowman,1951,127
Ellis,Kinder,,Bowman,1951,128
Matt,Batts,,Bowman,1951,129
Tom,Saffell,1951,Bowman,1951,130
Cliff,Chambers,,Bowman,1951,131
Cass,Michaels,,Bowman,1951,132
Sam,Dente,,Bowman,1951,133
Warren,Spahn,,Bowman,1951,134
Walker,Cooper,,Bowman,1951,135
Ray,Coleman,,Bowman,1951,136
Dick,Starr,,Bowman,1951,137
Phil,Cavarretta,,Bowman,1951,138
Doyle,Lade,,Bowman,1951,139
Eddie,Lake,,Bowman,1951,140
Fred,Hutchinson,,Bowman,1951,141
Aaron,Robinson,,Bowman,1951,142
Ted,Kluszewski,,Bowman,1951,143
Herman,Wehmeier,,Bowman,1951,144
Fred,Sanford,,Bowman,1951,145
Johnny,Hopp,,Bowman,1951,146
Ken,Heintzelman,,Bowman,1951,147
Granny,Hamner,,Bowman,1951,148
Bubba,Church,1951,Bowman,1951,149
Mike,Garcia,,Bowman,1951,150
Larry,Doby,,Bowman,1951,151
Cal,Abrams,1951,Bowman,1951,152
Rex,Barney,,Bowman,1951,153
Pete,Suder,,Bowman,1951,154
Lou,Brissie,,Bowman,1951,155
Del,Rice,,Bowman,1951,156
Al,Brazle,,Bowman,1951,157
Chuck,Diering,,Bowman,1951,158
Eddie,Stewart,,Bowman,1951,159
Phil,Masi,,Bowman,1951,160
Wes,Westrum,1951,Bowman,1951,161
Larry,Jansen,,Bowman,1951,162
Monte,Kennedy,,Bowman,1951,163
Bill,Wight,,Bowman,1951,164
Ted,Williams,,Bowman,1951,165
Stan,Rojek,,Bowman,1951,166
Murry,Dickson,,Bowman,1951,167
Sam,Mele,,Bowman,1951,168
Sid,Hudson,,Bowman,1951,169
Sibby,Sisti,,Bowman,1951,170
Buddy,Kerr,,Bowman,1951,171
Ned,Garver,,Bowman,1951,172
Hank,Arft,,Bowman,1951,173
Mickey,Owen,,Bowman,1951,174
Wayne,Terwilliger,,Bowman,1951,175
Vic,Wertz,,Bowman,1951,176
Charlie,Keller,,Bowman,1951,177
Ted,Gray,,Bowman,1951,178
Danny,Litwhiler,,Bowman,1951,179
Howie,Fox,,Bowman,1951,180
Casey,Stengel,,Bowman,1951,181
Tom,Ferrick,1951,Bowman,1951,182
Hank,Bauer,,Bowman,1951,183
Eddie,Sawyer,,Bowman,1951,184
Jimmy,Bloodworth,,Bowman,1951,185
Richie,Ashburn,,Bowman,1951,186
Al,Rosen,,Bowman,1951,187
Bobby,Avila,1951,Bowman,1951,188
Erv,Palica,1951,Bowman,1951,189
Joe,Hatten,,Bowman,1951,190
Billy,Hitchcock,1951,Bowman,1951,191
Hank,Wyse,1951,Bowman,1951,192
Ted,Wilks,,Bowman,1951,193
Peanuts,Lowrey,,Bowman,1951,194
Paul,Richards,,Bowman,1951,195
Billy,Pierce,1951,Bowman,1951,196
Bob,Cain,,Bowman,1951,197
Monte,Irvin,1951,Bowman,1951,198
Sheldon,Jones,,Bowman,1951,199
Jack,Kramer,,Bowman,1951,200
Steve,O'Neill,1951,Bowman,1951,201
Mike,Guerra,,Bowman,1951,202
Vern,Law,1951,Bowman,1951,203
Vic,Lombardi,1951,Bowman,1951,204
Mickey,Grasso,1951,Bowman,1951,205
Conrado,Marrero,1951,Bowman,1951,206
Billy,Southworth,1951,Bowman,1951,207
Blix,Donnelly,,Bowman,1951,208
Ken,Wood,,Bowman,1951,209
Les,Moss,,Bowman,1951,210
Hal,Jeffcoat,1951,Bowman,1951,211
Bob,Rush,,Bowman,1951,212
Neil,Berry,,Bowman,1951,213
Bob,Swift,,Bowman,1951,214
Ken,Peterson,,Bowman,1951,215
Connie,Ryan,1951,Bowman,1951,216
Joe,Page,,Bowman,1951,217
Ed,Lopat,,Bowman,1951,218
Gene,Woodling,1951,Bowman,1951,219
Bob,Miller,,Bowman,1951,220
Dick,Whitman,1951,Bowman,1951,221
Thurman,Tucker,1951,Bowman,1951,222
Johnny,VanderMeer,,Bowman,1951,223
Billy,Cox,,Bowman,1951,224
Dan,Bankhead,1951,Bowman,1951,225
Jimmie,Dykes,,Bowman,1951,226
Bobby,Shantz,,Bowman,1951,227
Cloyd,Boyer,1951,Bowman,1951,228
Bill,Howerton,,Bowman,1951,229
Max,Lanier,,Bowman,1951,230
Luis,Aloma,1951,Bowman,1951,231
Nellie,Fox,1951,Bowman,1951,232
Leo,Durocher,,Bowman,1951,233
Clint,Hartung,,Bowman,1951,234
Jack,Lohrke,,Bowman,1951,235
Buddy,Rosar,,Bowman,1951,236
Billy,Goodman,,Bowman,1951,237
Pete,Reiser,,Bowman,1951,238
Bill,MacDonald,1951,Bowman,1951,239
Joe,Haynes,,Bowman,1951,240
Irv,Noren,,Bowman,1951,241
Sam,Jethroe,,Bowman,1951,242
Johnny,Antonelli,,Bowman,1951,243
Cliff,Fannin,,Bowman,1951,244
John,Berardino,1951,Bowman,1951,245
Bill,Serena,,Bowman,1951,246
Bob,Ramazzotti,1951,Bowman,1951,247
Johnny,Klippstein,1951,Bowman,1951,248
Johnny,Groth,,Bowman,1951,249
Hank,Borowy,,Bowman,1951,250
Willard,Ramsdell,1951,Bowman,1951,251
Dixie,Howell,1951,Bowman,1951,252
Mickey,Mantle,1951,Bowman,1951,253
Jackie,Jensen,1951,Bowman,1951,254
Milo,Candini,1951,Bowman,1951,255
Ken,Silvestri,1951,Bowman,1951,256
Birdie,Tebbetts,1951,Bowman,1951,257
Luke,Easter,1951,Bowman,1951,258
Chuck,Dressen,,Bowman,1951,259
Carl,Erskine,1951,Bowman,1951,260
Wally,Moses,,Bowman,1951,261
Gus,Zernial,,Bowman,1951,262
Howie,Pollet,,Bowman,1951,263
Don,Richmond,1951,Bowman,1951,264
Steve,Bilko,1951,Bowman,1951,265
Harry,Dorish,1951,Bowman,1951,266
Ken,Holcombe,1951,Bowman,1951,267
Don,Mueller,,Bowman,1951,268
Ray,Noble,1951,Bowman,1951,269
Willard,Nixon,1951,Bowman,1951,270
Tommy,Wright,1951,Bowman,1951,271
Billy,Meyer,1951,Bowman,1951,272
Danny,Murtaugh,,Bowman,1951,273
George,Metkovich,1951,Bowman,1951,274
Bucky,Harris,,Bowman,1951,275
Frank,Quinn,1951,Bowman,1951,276
Roy,Hartsfield,1951,Bowman,1951,277
Norman,Roy,1951,Bowman,1951,278
Jim,Delsing,1951,Bowman,1951,279
Frank,Overmire,,Bowman,1951,280
Al,Widmar,1951,Bowman,1951,281
Frankie,Frisch,,Bowman,1951,282
Walt,Dubiel,1951,Bowman,1951,283
Gene,Bearden,,Bowman,1951,284
Johnny,Lipon,1951,Bowman,1951,285
Bob,Usher,1951,Bowman,1951,286
Jim,Blackburn,,Bowman,1951,287
Bobby,Adams,,Bowman,1951,288
Cliff,Mapes,,Bowman,1951,289
Bill,Dickey,,Bowman,1951,290
Tommy,Henrich,,Bowman,1951,291
Eddie,Pellagrini,,Bowman,1951,292
Ken,Johnson,1951,Bowman,1951,293
Jocko,Thompson,,Bowman,1951,294
Al,Lopez,1951,Bowman,1951,295
Bob,Kennedy,1951,Bowman,1951,296
Dave,Philley,,Bowman,1951,297
Joe,Astroth,1951,Bowman,1951,298
Clyde,King,1951,Bowman,1951,299
Hal,Rice,1951,Bowman,1951,300
Tommy,Glaviano,1951,Bowman,1951,301
Jim,Busby,1951,Bowman,1951,302
Marv,Rotblatt,1951,Bowman,1951,303
Al,Gettell,1951,Bowman,1951,304
Willie,Mays,1951,Bowman,1951,305
Jimmy,Piersall,1951,Bowman,1951,306
Walt,Masterson,,Bowman,1951,307
Ted,Beard,1951,Bowman,1951,308
Mel,Queen,1951,Bowman,1951,309
Erv,Dusak,1951,Bowman,1951,310
Mickey,Harris,,Bowman,1951,311
Gene,Mauch,1951,Bowman,1951,312
Ray,Mueller,1951,Bowman,1951,313
Johnny,Sain,,Bowman,1951,314
Zack,Taylor,,Bowman,1951,315
Duane,Pillette,1951,Bowman,1951,316
Smoky,Burgess,1951,Bowman,1951,317
Warren,Hacker,1951,Bowman,1951,318
Red,Rolfe,,Bowman,1951,319
Hal,White,1951,Bowman,1951,320
Earl,Johnson,,Bowman,1951,321
Luke,Sewell,,Bowman,1951,322
Joe,Adcock,1951,Bowman,1951,323
Johnny,Pramesa,1951,Bowman,1951,324
Bowman,Baseball Card Checklist,,Bowman,1951,1951
Yogi,Berra,,Bowman,1952,1
Bobby,Thomson,,Bowman,1952,2
Fred,Hutchinson,,Bowman,1952,3
Robin,Roberts,,Bowman,1952,4
Minnie,Minoso,1952,Bowman,1952,5
Virgil,Stallcup,,Bowman,1952,6
Mike,Garcia,,Bowman,1952,7
Pee,Wee Reese,,Bowman,1952,8
Vern,Stephens,,Bowman,1952,9
Bob,Hooper,,Bowman,1952,10
Ralph,Kiner,,Bowman,1952,11
Max,Surkont,,Bowman,1952,12
Cliff,Mapes,,Bowman,1952,13
Cliff,Chambers,,Bowman,1952,14
Sam,Mele,,Bowman,1952,15
Turk,Lown,,Bowman,1952,16
Ed,Lopat,,Bowman,1952,17
Don,Mueller,,Bowman,1952,18
Bob,Cain,,Bowman,1952,19
Willie,Jones,,Bowman,1952,20
Nellie,Fox,,Bowman,1952,21
Willard,Ramsdell,,Bowman,1952,22
Bob,Lemon,,Bowman,1952,23
Carl,Furillo,,Bowman,1952,24
Mickey,McDermott,,Bowman,1952,25
Eddie,Joost,,Bowman,1952,26
Joe,Garagiola,,Bowman,1952,27
Roy,Hartsfield,,Bowman,1952,28
Ned,Garver,,Bowman,1952,29
Red,Schoendienst,,Bowman,1952,30
Eddie,Yost,,Bowman,1952,31
Eddie,Miksis,,Bowman,1952,32
Gil,McDougald,1952,Bowman,1952,33
Alvin,Dark,,Bowman,1952,34
Granny,Hamner,,Bowman,1952,35
Cass,Michaels,,Bowman,1952,36
Vic,Raschi,,Bowman,1952,37
Whitey,Lockman,,Bowman,1952,38
Vic,Wertz,,Bowman,1952,39
Bubba,Church,,Bowman,1952,40
Chico,Carrasquel,,Bowman,1952,41
Johnny,Wyrostek,,Bowman,1952,42
Bob,Feller,,Bowman,1952,43
Roy,Campanella,,Bowman,1952,44
Johnny,Pesky,,Bowman,1952,45
Carl,Scheib,,Bowman,1952,46
Pete,Castiglione,,Bowman,1952,47
Vern,Bickford,,Bowman,1952,48
Jim,Hearn,,Bowman,1952,49
Jerry,Staley,,Bowman,1952,50
Gil,Coan,,Bowman,1952,51
Phil,Rizzuto,,Bowman,1952,52
Richie,Ashburn,,Bowman,1952,53
Billy,Pierce,,Bowman,1952,54
Ken,Raffensberger,,Bowman,1952,55
Clyde,King,,Bowman,1952,56
Clyde,Vollmer,,Bowman,1952,57
Hank,Majeski,,Bowman,1952,58
Murry,Dickson,,Bowman,1952,59
Sid,Gordon,,Bowman,1952,60
Tommy,Byrne,,Bowman,1952,61
Joe,Presko,,Bowman,1952,62
Irv,Noren,,Bowman,1952,63
Roy,Smalley,,Bowman,1952,64
Hank,Bauer,,Bowman,1952,65
Sal,Maglie,,Bowman,1952,66
Johnny,Groth,,Bowman,1952,67
Jim,Busby,,Bowman,1952,68
Joe,Adcock,,Bowman,1952,69
Carl,Erskine,,Bowman,1952,70
Vern,Law,,Bowman,1952,71
Earl,Torgeson,,Bowman,1952,72
Jerry,Coleman,,Bowman,1952,73
Wes,Westrum,,Bowman,1952,74
George,Kell,,Bowman,1952,75
Del,Ennis,,Bowman,1952,76
Eddie,Robinson,,Bowman,1952,77
Lloyd,Merriman,,Bowman,1952,78
Lou,Brissie,,Bowman,1952,79
Gil,Hodges,,Bowman,1952,80
Billy,Goodman,,Bowman,1952,81
Gus,Zernial,,Bowman,1952,82
Howie,Pollet,,Bowman,1952,83
Sam,Jethroe,,Bowman,1952,84
Marty,Marion,,Bowman,1952,85
Cal,Abrams,,Bowman,1952,86
Mickey,Vernon,,Bowman,1952,87
Bruce,Edwards,,Bowman,1952,88
Billy,Hitchcock,,Bowman,1952,89
Larry,Jansen,,Bowman,1952,90
Don,Kolloway,,Bowman,1952,91
Eddie,Waitkus,,Bowman,1952,92
Paul,Richards,,Bowman,1952,93
Luke,Sewell,,Bowman,1952,94
Luke,Easter,,Bowman,1952,95
Ralph,Branca,,Bowman,1952,96
Willard,Marshall,,Bowman,1952,97
Jimmie,Dykes,,Bowman,1952,98
Clyde,McCullough,,Bowman,1952,99
Sibby,Sisti,,Bowman,1952,100
Mickey,Mantle,,Bowman,1952,101
Peanuts,Lowrey,,Bowman,1952,102
Joe,Haynes,,Bowman,1952,103
Hal,Jeffcoat,,Bowman,1952,104
Bobby,Brown,,Bowman,1952,105
Randy,Gumpert,,Bowman,1952,106
Del,Rice,,Bowman,1952,107
George,Metkovich,,Bowman,1952,108
Tom,Morgan,,Bowman,1952,109
Max,Lanier,,Bowman,1952,110
Hoot,Evers,,Bowman,1952,111
Smoky,Burgess,,Bowman,1952,112
Al,Zarilla,,Bowman,1952,113
Frank,Hiller,,Bowman,1952,114
Larry,Doby,,Bowman,1952,115
Duke,Snider,,Bowman,1952,116
Bill,Wight,,Bowman,1952,117
Ray,Murray,,Bowman,1952,118
Bill,Howerton,,Bowman,1952,119
Chet,Nichols,,Bowman,1952,120
Al,Corwin,,Bowman,1952,121
Billy,Johnson,,Bowman,1952,122
Sid,Hudson,,Bowman,1952,123
Birdie,Tebbetts,,Bowman,1952,124
Howie,Fox,,Bowman,1952,125
Phil,Cavarretta,,Bowman,1952,126
Dick,Sisler,,Bowman,1952,127
Don,Newcombe,,Bowman,1952,128
Gus,Niarhos,,Bowman,1952,129
Allie,Clark,,Bowman,1952,130
Bob,Swift,,Bowman,1952,131
Dave,Cole,,Bowman,1952,132
Dick,Kryhoski,,Bowman,1952,133
Al,Brazle,,Bowman,1952,134
Mickey,Harris,,Bowman,1952,135
Gene,Hermanski,,Bowman,1952,136
Stan,Rojek,,Bowman,1952,137
Ted,Wilks,,Bowman,1952,138
Jerry,Priddy,,Bowman,1952,139
Ray,Scarborough,,Bowman,1952,140
Hank,Edwards,,Bowman,1952,141
Early,Wynn,,Bowman,1952,142
Sandy,Consuegra,,Bowman,1952,143
Joe,Hatton,,Bowman,1952,144
Johnny,Mize,,Bowman,1952,145
Leo,Durocher,,Bowman,1952,146
Marlin,Stuart,,Bowman,1952,147
Ken,Heintzelman,,Bowman,1952,148
Howie,Judson,,Bowman,1952,149
Herman,Wehmeier,,Bowman,1952,150
Al,Rosen,,Bowman,1952,151
Billy,Cox,,Bowman,1952,152
Fred,Hatfield,,Bowman,1952,153
Ferris,Fain,,Bowman,1952,154
Billy,Meyer,,Bowman,1952,155
Warren,Spahn,,Bowman,1952,156
Jim,Delsing,,Bowman,1952,157
Bucky,Harris,,Bowman,1952,158
Dutch,Leonard,,Bowman,1952,159
Eddie,Stanky,,Bowman,1952,160
Jackie,Jensen,,Bowman,1952,161
Monte,Irvin,,Bowman,1952,162
Johnny,Lipon,,Bowman,1952,163
Connie,Ryan,,Bowman,1952,164
Saul,Rogovin,,Bowman,1952,165
Bobby,Adams,,Bowman,1952,166
Bobby,Avila,,Bowman,1952,167
Preacher,Roe,,Bowman,1952,168
Walt,Dropo,,Bowman,1952,169
Joe,Astroth,,Bowman,1952,170
Mel,Queen,,Bowman,1952,171
Ebba,St.Claire,,Bowman,1952,172
Gene,Bearden,,Bowman,1952,173
Mickey,Grasso,,Bowman,1952,174
Randy,Jackson,,Bowman,1952,175
Harry,Brecheen,,Bowman,1952,176
Gene,Woodling,,Bowman,1952,177
Dave,Williams,1952,Bowman,1952,178
Pete,Suder,,Bowman,1952,179
Ed,Fitzgerald,,Bowman,1952,180
Joe,Collins,1952,Bowman,1952,181
Dave,Koslo,,Bowman,1952,182
Pat,Mullin,,Bowman,1952,183
Curt,Simmons,,Bowman,1952,184
Eddie,Stewart,,Bowman,1952,185
Frank,Smith,,Bowman,1952,186
Jim,Hegan,,Bowman,1952,187
Chuck,Dressen,,Bowman,1952,188
Jimmy,Piersall,,Bowman,1952,189
Dick,Fowler,,Bowman,1952,190
Bob,Friend,1952,Bowman,1952,191
John,Cusick,,Bowman,1952,192
Bobby,Young,,Bowman,1952,193
Bob,Porterfield,,Bowman,1952,194
Frank,Baumholtz,,Bowman,1952,195
Stan,Musial,,Bowman,1952,196
Charlie,Silvera,1952,Bowman,1952,197
Chuck,Diering,,Bowman,1952,198
Ted,Gray,,Bowman,1952,199
Ken,Silvestri,,Bowman,1952,200
Ray,Coleman,,Bowman,1952,201
Harry,Perkowski,,Bowman,1952,202
Steve,Gromek,,Bowman,1952,203
Andy,Pafko,,Bowman,1952,204
Walt,Masterson,,Bowman,1952,205
Elmer,Valo,,Bowman,1952,206
George,Strickland,,Bowman,1952,207
Walker,Cooper,,Bowman,1952,208
Dick,Littlefield,,Bowman,1952,209
Archie,Wilson,,Bowman,1952,210
Paul,Minner,,Bowman,1952,211
Solly,Hemus,,Bowman,1952,212
Monte,Kennedy,,Bowman,1952,213
Ray,Boone,,Bowman,1952,214
Sheldon,Jones,,Bowman,1952,215
Matt,Batts,,Bowman,1952,216
Casey,Stengel,,Bowman,1952,217
Willie,Mays,,Bowman,1952,218
Neil,Berry,,Bowman,1952,219
Russ,Meyer,,Bowman,1952,220
Lou,Kretlow,,Bowman,1952,221
Dixie,Howell,,Bowman,1952,222
Harry,Simpson,,Bowman,1952,223
Johnny,Schmitz,,Bowman,1952,224
Del,Wilber,,Bowman,1952,225
Alex,Kellner,,Bowman,1952,226
Clyde,Sukeforth,,Bowman,1952,227
Bob,Chipman,,Bowman,1952,228
Hank,Arft,,Bowman,1952,229
Frank,Shea,,Bowman,1952,230
Dee,Fondy,,Bowman,1952,231
Enos,Slaughter,,Bowman,1952,232
Bob,Kuzava,,Bowman,1952,233
Fred,Fitzsimmons,,Bowman,1952,234
Steve,Souchock,,Bowman,1952,235
Tommy,Brown,,Bowman,1952,236
Sherm,Lollar,,Bowman,1952,237
Roy,McMillan,1952,Bowman,1952,238
Dale,Mitchell,,Bowman,1952,239
Billy,Loes,1952,Bowman,1952,240
Mel,Parnell,,Bowman,1952,241
Everett,Kell,,Bowman,1952,242
Red,Munger,,Bowman,1952,243
Lew,Burdette,1952,Bowman,1952,244
George,Schmees,,Bowman,1952,245
Jerry,Snyder,,Bowman,1952,246
Johnny,Pramesa,,Bowman,1952,247
Bill,Werle,,Bowman,1952,248
Hank,Thompson,,Bowman,1952,249
Ike,Delock,,Bowman,1952,250
Jack,Lohrke,,Bowman,1952,251
Frank,Crosetti,,Bowman,1952,252
Bowman,Baseball Card Checklist,,Bowman,1952,1952
Phil,Rizzuto,,Bowman,1954,1
Jackie,Jensen,,Bowman,1954,2
Marion,Fricano,,Bowman,1954,3
Bob,Hooper,,Bowman,1954,4
Billy,Hunter,,Bowman,1954,5
Nellie,Fox,,Bowman,1954,6
Walt,Dropo,,Bowman,1954,7
Jim,Busby,,Bowman,1954,8
Dave,Williams,,Bowman,1954,9
Carl,Erskine,,Bowman,1954,10
Sid,Gordon,,Bowman,1954,11
Roy,McMillan VAR,,Bowman,1954,12A
Roy,McMillan,,Bowman,1954,12B
Paul,Minner,,Bowman,1954,13
Gerry,Staley,,Bowman,1954,14
Richie,Ashburn,,Bowman,1954,15
Jim,Wilson,,Bowman,1954,16
Tom,Gorman,,Bowman,1954,17
Hoot,Evers,,Bowman,1954,18
Bobby,Shantz,,Bowman,1954,19
Art,Houtteman,,Bowman,1954,20
Vic,Wertz,,Bowman,1954,21
Sam,Mele VAR,,Bowman,1954,22A
Sam,Mele VAR,,Bowman,1954,22B
Harvey,Kuenn,1954,Bowman,1954,23
Bob,Porterfield,,Bowman,1954,24
Wes,Westrum VAR,,Bowman,1954,25A
Wes,Westrum VAR,,Bowman,1954,25B
Billy,Cox VAR,,Bowman,1954,26A
Billy,Cox VAR,,Bowman,1954,26B
Dick,Cole,1954,Bowman,1954,27
Jim,Greengrass VAR,,Bowman,1954,28A
Jim,Greengrass VAR,,Bowman,1954,28B
Johnny,Klippstein,,Bowman,1954,29
Del,Rice,,Bowman,1954,30
Smoky,Burgess,,Bowman,1954,31
Del,Crandall,,Bowman,1954,32
Vic,Raschi NTR,,Bowman,1954,33A
Vic,Raschi TR,,Bowman,1954,33B
Sammy,White,,Bowman,1954,34
Eddie,Joost VAR,,Bowman,1954,35A
Eddie,Joost VAR,,Bowman,1954,35B
George,Strickland,,Bowman,1954,36
Dick,Kokos,,Bowman,1954,37
Minnie,Minoso VAR,,Bowman,1954,38A
Minnie,Minoso VAR,,Bowman,1954,38B
Ned,Garver,,Bowman,1954,39
Gil,Coan,,Bowman,1954,40
Alvin,Dark,,Bowman,1954,41A
Billy,Loes,,Bowman,1954,42
Bob,Friend VAR,,Bowman,1954,43A
Harry,Perkowski,,Bowman,1954,44
Ralph,Kiner,,Bowman,1954,45
Rip,Repulski,,Bowman,1954,46
Granny,Hamner VAR,,Bowman,1954,47A
Granny,Hamner VAR,,Bowman,1954,47B
Jack,Dittmer,,Bowman,1954,48
Harry,Byrd,,Bowman,1954,49
George,Kell,,Bowman,1954,50
Alex,Kellner,,Bowman,1954,51
Joe,Ginsberg,,Bowman,1954,52
Don,Lenhardt VAR,,Bowman,1954,53A
Don,Lenhardt VAR,,Bowman,1954,53B
Chico,Carrasquel,,Bowman,1954,54
Jim,Delsing,,Bowman,1954,55
Maurice,McDermott,,Bowman,1954,56
Hoyt,Wilhelm,,Bowman,1954,57
Pee,Wee Reese,,Bowman,1954,58
Bob,Schultz,,Bowman,1954,59
Fred,Baczewski,1954,Bowman,1954,60
Eddie,Miksis VAR,,Bowman,1954,61A
Eddie,Miksis VAR,,Bowman,1954,61B
Enos,Slaughter,,Bowman,1954,62
Earl,Torgeson,,Bowman,1954,63
Eddie,Mathews,,Bowman,1954,64
Mickey,Mantle,,Bowman,1954,65
Ted,Williams,,Bowman,1954,66A
Jimmy,Piersall,,Bowman,1954,66B
Carl,Scheib VAR,,Bowman,1954,67A
Carl,Scheib VAR,,Bowman,1954,67B
Carl,Scheib VAR,,Bowman,1954,67C
Bobby,Avila,,Bowman,1954,68
Clint,Courtney,,Bowman,1954,69
Willard,Marshall,,Bowman,1954,70
Ted,Gray,,Bowman,1954,71
Eddie,Yost,,Bowman,1954,72
Don,Mueller,,Bowman,1954,73
Jim,Gilliam,,Bowman,1954,74
Max,Surkont,,Bowman,1954,75
Joe,Nuxhall,,Bowman,1954,76
Bob,Rush,,Bowman,1954,77
Sal,Yvars,,Bowman,1954,78
Curt,Simmons,,Bowman,1954,79
Johnny,Logan VAR,,Bowman,1954,80A
Johnny,Logan VAR,,Bowman,1954,80B
Jerry,Coleman VAR,,Bowman,1954,81A
Jerry,Coleman VAR,,Bowman,1954,81B
Billy,Goodman VAR,,Bowman,1954,82A
Billy,Goodman VAR,,Bowman,1954,82B
Ray,Murray,,Bowman,1954,83
Larry,Doby,,Bowman,1954,84
Jim,Dyck VAR,,Bowman,1954,85A
Jim,Dyck VAR,,Bowman,1954,85B
Harry,Dorish,,Bowman,1954,86
Don,Lund,,Bowman,1954,87
Tom,Umphlett,,Bowman,1954,88
Willie,Mays,,Bowman,1954,89
Roy,Campanella,,Bowman,1954,90
Cal,Abrams,,Bowman,1954,91
Ken,Raffensberger,,Bowman,1954,92
Bill,Serena VAR,,Bowman,1954,93A
Bill,Serena VAR,,Bowman,1954,93B
Solly,Hemus VAR,,Bowman,1954,94A
Solly,Hemus VAR,,Bowman,1954,94B
Robin,Roberts,,Bowman,1954,95
Joe,Adcock,,Bowman,1954,96
Gil,McDougald,,Bowman,1954,97
Ellis,Kinder,,Bowman,1954,98
Pete,Suder VAR,,Bowman,1954,99A
Pete,Suder VAR,,Bowman,1954,99B
Mike,Garcia,,Bowman,1954,100
Don,Larsen,1954,Bowman,1954,101
Billy,Pierce,,Bowman,1954,102
Steve,Souchock VAR,,Bowman,1954,103A
Steve,Souchock VAR,,Bowman,1954,103B
Frank,Shea,,Bowman,1954,104
Sal,Maglie VAR,,Bowman,1954,105A
Sal,Maglie VAR,,Bowman,1954,105B
Clem,Labine,,Bowman,1954,106
Paul,LaPalme,,Bowman,1954,107
Bobby,Adams,,Bowman,1954,108
Roy,Smalley,,Bowman,1954,109
Red,Schoendienst,,Bowman,1954,110
Murry,Dickson,,Bowman,1954,111
Andy,Pafko,,Bowman,1954,112
Allie,Reynolds,,Bowman,1954,113
Willard,Nixon,,Bowman,1954,114
Don,Bollweg,,Bowman,1954,115
Luke,Easter,,Bowman,1954,116
Dick,Kryhoski,,Bowman,1954,117
Bob,Boyd,,Bowman,1954,118
Fred,Hatfield,,Bowman,1954,119
Mel,Hoderlein,,Bowman,1954,120
Ray,Katt,1954,Bowman,1954,121
Carl,Furillo,,Bowman,1954,122
Toby,Atwell,,Bowman,1954,123
Gus,Bell VAR,,Bowman,1954,124A
Gus,Bell VAR,,Bowman,1954,124B
Warren,Hacker,,Bowman,1954,125
Cliff,Chambers,,Bowman,1954,126
Del,Ennis,,Bowman,1954,127
Ebba,St.Claire,,Bowman,1954,128
Hank,Bauer,,Bowman,1954,129
Milt,Bolling,,Bowman,1954,130
Joe,Astroth,,Bowman,1954,131
Bob,Feller,,Bowman,1954,132
Duane,Pillette,,Bowman,1954,133
Luis,Aloma,,Bowman,1954,134
Johnny,Pesky,,Bowman,1954,135
Clyde,Vollmer,,Bowman,1954,136
Al,Corwin,,Bowman,1954,137
Gil,Hodges VAR,,Bowman,1954,138A
Gil,Hodges VAR,,Bowman,1954,138B
Preston,Ward VAR,,Bowman,1954,139A
Preston,Ward VAR,,Bowman,1954,139B
Saul,Rogovin VAR,,Bowman,1954,140A
Saul,Rogovin VAR,,Bowman,1954,140B
Saul,Rogovin VAR,,Bowman,1954,140C
Joe,Garagiola,,Bowman,1954,141
Al,Brazle,,Bowman,1954,142
Willie,Jones,,Bowman,1954,143
Ernie,Johnson,1954,Bowman,1954,144
Billy,Martin VAR,,Bowman,1954,145A
Billy,Martin VAR,,Bowman,1954,145B
Dick,Gernert,,Bowman,1954,146
Joe,DeMaestri,,Bowman,1954,147
Dale,Mitchell,,Bowman,1954,148
Bob,Young,,Bowman,1954,149
Cass,Michaels,,Bowman,1954,150
Pat,Mullin,,Bowman,1954,151
Mickey,Vernon,,Bowman,1954,152
Don,Newcombe,,Bowman,1954,154
Frank,Thomas,1954,Bowman,1954,155
Turk,Lown,,Bowman,1954,157
Stu,Miller,,Bowman,1954,158
Johnny,Lindell,,Bowman,1954,159
Danny,O'Connell,,Bowman,1954,160
Yogi,Berra,,Bowman,1954,161
Ted,Lepcio,,Bowman,1954,162
Early,Wynn,,Bowman,1954,164
Johnny,Groth,,Bowman,1954,165
Sandy,Consuegra,,Bowman,1954,166
Billy,Hoeft,,Bowman,1954,167
Ed,Fitzgerald,,Bowman,1954,168
Larry,Jansen,,Bowman,1954,169
Duke,Snider,,Bowman,1954,170
Carlos,Bernier,,Bowman,1954,171
Andy,Seminick,,Bowman,1954,172
Dee,Fondy,,Bowman,1954,173
Pete,Castiglione VAR,,Bowman,1954,174A
Pete,Castiglione VAR,,Bowman,1954,174B
Mel,Clark,,Bowman,1954,175
Vern,Bickford,,Bowman,1954,176
Whitey,Ford,,Bowman,1954,177
Del,Wilber,,Bowman,1954,178
Morrie,Martin VAR,,Bowman,1954,179A
Morrie,Martin VAR,,Bowman,1954,179B
Joe,Tipton,,Bowman,1954,180
Les,Moss,,Bowman,1954,181
Sherm,Lollar,,Bowman,1954,182
Matt,Batts,,Bowman,1954,183
Mickey,Grasso,,Bowman,1954,184
Daryl,Spencer VAR,,Bowman,1954,185A
Daryl,Spencer VAR,,Bowman,1954,185B
Russ,Meyer,,Bowman,1954,186
Vern,Law,,Bowman,1954,187
Frank,Smith,,Bowman,1954,188
Randy,Jackson,,Bowman,1954,189
Joe,Presko,,Bowman,1954,190
Karl,Drews,,Bowman,1954,191
Lew,Burdette,,Bowman,1954,192
Eddie,Robinson,,Bowman,1954,193
Sid,Hudson,,Bowman,1954,194
Bob,Cain,,Bowman,1954,195
Bob,Lemon,,Bowman,1954,196
Lou,Kretlow,,Bowman,1954,197
Virgil,Trucks,,Bowman,1954,198
Steve,Gromek,,Bowman,1954,199
Conrado,Marrero,,Bowman,1954,200
Bobby,Thomson,,Bowman,1954,201
George,Shuba,,Bowman,1954,202
Vic,Janowicz,,Bowman,1954,203
Jack,Collum,1954,Bowman,1954,204
Hal,Jeffcoat,,Bowman,1954,205
Steve,Bilko,,Bowman,1954,206
Stan,Lopata,,Bowman,1954,207
Johnny,Antonelli,,Bowman,1954,208
Gene,Woodling,,Bowman,1954,209
Jimmy,Piersall,,Bowman,1954,210
Al,Robertson,,Bowman,1954,211
Owen,Friend VAR,,Bowman,1954,212A
Owen,Friend VAR,,Bowman,1954,212B
Dick,Littlefield,,Bowman,1954,213
Ferris,Fain,,Bowman,1954,214
Johnny,Bucha,,Bowman,1954,215
Jerry,Snyder VAR,,Bowman,1954,216A
Jerry,Snyder VAR,,Bowman,1954,216B
Hank,Thompson VAR,,Bowman,1954,217A
Hank,Thompson VAR,,Bowman,1954,217B
Preacher,Roe,,Bowman,1954,218
Hal,Rice,,Bowman,1954,219
Hobie,Landrith,,Bowman,1954,220
Frank,Baumholtz,,Bowman,1954,221
Memo,Luna,1954,Bowman,1954,222
Steve,Ridzik,,Bowman,1954,223
Bill,Bruton,,Bowman,1954,224
Bowman,Baseball Card Checklist,,Bowman,1954,1954
Hoyt,Wilhelm,,Bowman,1955,1
Alvin,Dark,,Bowman,1955,2
Joe,Coleman,,Bowman,1955,3
Eddie,Waitkus,,Bowman,1955,4
Jim,Robertson,,Bowman,1955,5
Pete,Suder,,Bowman,1955,6
Gene,Baker,,Bowman,1955,7
Warren,Hacker,,Bowman,1955,8
Gil,McDougald,,Bowman,1955,9
Phil,Rizzuto,,Bowman,1955,10
Bill,Bruton,,Bowman,1955,11
Andy,Pafko,,Bowman,1955,12
Clyde,Vollmer,,Bowman,1955,13
Gus,Keriazakos,,Bowman,1955,14
Frank,Sullivan,,Bowman,1955,15
Jimmy,Piersall,,Bowman,1955,16
Del,Ennis,,Bowman,1955,17
Stan,Lopata,,Bowman,1955,18
Bobby,Avila,,Bowman,1955,19
Al,Smith,,Bowman,1955,20
Don,Hoak,,Bowman,1955,21
Roy,Campanella,,Bowman,1955,22
Al,Kaline,,Bowman,1955,23
Al,Aber,,Bowman,1955,24
Minnie,Minoso,,Bowman,1955,25
Virgil,Trucks,,Bowman,1955,26
Preston,Ward,,Bowman,1955,27
Dick,Cole,,Bowman,1955,28
Red,Schoendienst,,Bowman,1955,29
Bill,Sarni,,Bowman,1955,30
Johnny,Temple,1955,Bowman,1955,31
Wally,Post,,Bowman,1955,32
Nellie,Fox,,Bowman,1955,33
Clint,Courtney,,Bowman,1955,34
Bill,Tuttle,,Bowman,1955,35
Wayne,Belardi,,Bowman,1955,36
Pee,Wee Reese,,Bowman,1955,37
Early,Wynn,,Bowman,1955,38
Bob,Darnell,,Bowman,1955,39
Vic,Wertz,,Bowman,1955,40
Mel,Clark,,Bowman,1955,41
Bob,Greenwood,,Bowman,1955,42
Bob,Buhl,,Bowman,1955,43
Danny,O'Connell,,Bowman,1955,44
Tom,Umphlett,,Bowman,1955,45
Mickey,Vernon,,Bowman,1955,46
Sammy,White,,Bowman,1955,47
Milt,Bolling,,Bowman,1955,48A
Milt,Bolling,,Bowman,1955,48B
Jim,Greengrass,,Bowman,1955,49
Hobie,Landrith,,Bowman,1955,50
Elvin,Tappe,,Bowman,1955,51
Hal,Rice,,Bowman,1955,52
Alex,Kellner,,Bowman,1955,53
Don,Bollweg,,Bowman,1955,54
Cal,Abrams,,Bowman,1955,55
Billy,Cox,,Bowman,1955,56
Bob,Friend,,Bowman,1955,57
Frank,Thomas,,Bowman,1955,58
Whitey,Ford,,Bowman,1955,59
Enos,Slaughter,,Bowman,1955,60
Paul,LaPalme,,Bowman,1955,61
Royce,Lint,,Bowman,1955,62
Irv,Noren,,Bowman,1955,63
Curt,Simmons,,Bowman,1955,64
Don,Zimmer,1955,Bowman,1955,65
George,Shuba,,Bowman,1955,66
Don,Larsen,,Bowman,1955,67
Elston,Howard,1955,Bowman,1955,68
Billy,Hunter,,Bowman,1955,69
Lew,Burdette,,Bowman,1955,70
Dave,Jolly,,Bowman,1955,71
Chet,Nichols,,Bowman,1955,72
Eddie,Yost,,Bowman,1955,73
Jerry,Snyder,,Bowman,1955,74
Brooks,Lawrence,1955,Bowman,1955,75
Tom,Poholsky,,Bowman,1955,76
Jim,McDonald,,Bowman,1955,77
Gil,Coan,,Bowman,1955,78
Willie,Miranda,,Bowman,1955,79
Lou,Limmer,,Bowman,1955,80
Bobby,Morgan,,Bowman,1955,81
Lee,Walls,,Bowman,1955,82
Max,Surkont,,Bowman,1955,83
George,Freese,,Bowman,1955,84
Cass,Michaels,,Bowman,1955,85
Randy,Jackson,,Bowman,1955,87
Steve,Bilko,,Bowman,1955,88
Lou,Boudreau,,Bowman,1955,89
Art,Ditmar,,Bowman,1955,90
Dick,Marlowe,,Bowman,1955,91
George,Zuverink,,Bowman,1955,92
Andy,Seminick,,Bowman,1955,93
Hank,Thompson,,Bowman,1955,94
Sal,Maglie,,Bowman,1955,95
Ray,Narleski,1955,Bowman,1955,96
Johnny,Podres,,Bowman,1955,97
Jim,Gilliam,,Bowman,1955,98
Jerry,Coleman,,Bowman,1955,99
Tom,Morgan,,Bowman,1955,100
Don,Johnson,,Bowman,1955,101A
Don,Johnson,,Bowman,1955,101B
Bobby,Thomson,,Bowman,1955,102
Eddie,Mathews,,Bowman,1955,103
Bob,Porterfield,,Bowman,1955,104
Johnny,Schmitz,,Bowman,1955,105
Del,Rice,,Bowman,1955,106
Solly,Hemus,,Bowman,1955,107
Lou,Kretlow,,Bowman,1955,108
Vern,Stephens,,Bowman,1955,109
Bob,Miller,,Bowman,1955,110
Steve,Ridzik,,Bowman,1955,111
Granny,Hamner,,Bowman,1955,112
Bob,Hall,,Bowman,1955,113
Vic,Janowicz,,Bowman,1955,114
Roger,Bowman,,Bowman,1955,115
Sandy,Consuegra,,Bowman,1955,116
Johnny,Groth,,Bowman,1955,117
Bobby,Adams,,Bowman,1955,118
Joe,Astroth,,Bowman,1955,119
Ed,Burtschy,,Bowman,1955,120
Rufus,Crawford,,Bowman,1955,121
Al,Corwin,,Bowman,1955,122
Marv,Grissom,,Bowman,1955,123
Johnny,Antonelli,,Bowman,1955,124
Paul,Giel,,Bowman,1955,125
Billy,Goodman,,Bowman,1955,126
Hank,Majeski,,Bowman,1955,127
Mike,Garcia,,Bowman,1955,128
Hal,Naragon,,Bowman,1955,129
Richie,Ashburn,,Bowman,1955,130
Willard,Marshall,,Bowman,1955,131
Harvey,Kueen,,Bowman,1955,132A
Harvey,Kuenn,,Bowman,1955,132B
Charles,King,,Bowman,1955,133
Bob,Feller,,Bowman,1955,134
Lloyd,Merriman,,Bowman,1955,135
Rocky,Bridges,,Bowman,1955,136
Bob,Talbot,,Bowman,1955,137
Davey,Williams,,Bowman,1955,138
Shantz,Brothers,,Bowman,1955,139
Bobby,Shantz,,Bowman,1955,140
Wes,Westrum,,Bowman,1955,141
Rudy,Regalado,,Bowman,1955,142
Don,Newcombe,,Bowman,1955,143
Art,Houtteman,,Bowman,1955,144
Bob,Nieman,,Bowman,1955,145
Don,Liddle,,Bowman,1955,146
Sam,Mele,,Bowman,1955,147
Bob,Chakales,,Bowman,1955,148
Cloyd,Boyer,,Bowman,1955,149
Billy,Klaus,,Bowman,1955,150
Jim,Brideweser,,Bowman,1955,151
Johnny,Klippstein,,Bowman,1955,152
Eddie,Robinson,,Bowman,1955,153
Frank,Lary,1955,Bowman,1955,154
Gerry,Staley,,Bowman,1955,155
Jim,Hughes,,Bowman,1955,156
Ernie,Johnson,,Bowman,1955,157A
Ernie,Johnson,,Bowman,1955,157B
Gil,Hodges,,Bowman,1955,158
Harry,Byrd,,Bowman,1955,159
Bill,Skowron,,Bowman,1955,160
Matt,Batts,,Bowman,1955,161
Charlie,Maxwell,,Bowman,1955,162
Sid,Gordon,,Bowman,1955,163
Toby,Atwell,,Bowman,1955,164
Maurice,McDermott,,Bowman,1955,165
Jim,Busby,,Bowman,1955,166
Bob,Grim,1955,Bowman,1955,167
Yogi,Berra,,Bowman,1955,168
Carl,Furillo,,Bowman,1955,169
Carl,Erskine,,Bowman,1955,170
Robin,Roberts,,Bowman,1955,171
Willie,Jones,,Bowman,1955,172
Chico,Carrasquel,,Bowman,1955,173
Sherm,Lollar,,Bowman,1955,174
Wilmer,Shantz,,Bowman,1955,175
Joe,DeMaestri,,Bowman,1955,176
Willard,Nixon,,Bowman,1955,177
Tom,Brewer,,Bowman,1955,178
Hank,Aaron,,Bowman,1955,179
Johnny,Logan,,Bowman,1955,180
Eddie,Miksis,,Bowman,1955,181
Bob,Rush,,Bowman,1955,182
Ray,Katt,,Bowman,1955,183
Willie,Mays,,Bowman,1955,184
Vic,Raschi,,Bowman,1955,185
Alex,Grammas,,Bowman,1955,186
Fred,Hatfield,,Bowman,1955,187
Ned,Garver,,Bowman,1955,188
Jack,Collum,,Bowman,1955,189
Fred,Baczewski,,Bowman,1955,190
Bob,Lemon,,Bowman,1955,191
George,Strickland,,Bowman,1955,192
Howie,Judson,,Bowman,1955,193
Joe,Nuxhall,,Bowman,1955,194
Erv,Palica,,Bowman,1955,195A
Erv,Palica TR,,Bowman,1955,195B
Russ,Meyer,,Bowman,1955,196
Ralph,Kiner,,Bowman,1955,197
Dave,Pope,,Bowman,1955,198
Vern,Law,,Bowman,1955,199
Dick,Littlefield,,Bowman,1955,200
Allie,Reynolds,,Bowman,1955,201
Mickey,Mantle,,Bowman,1955,202
Steve,Gromek,,Bowman,1955,203
Frank,Bolling,,Bowman,1955,204A
Frank,Bolling,,Bowman,1955,204B
Rip,Repulski,,Bowman,1955,205
Ralph,Beard,,Bowman,1955,206
Frank,Shea,,Bowman,1955,207
Ed,Fitzgerald,,Bowman,1955,208
Smoky,Burgess,,Bowman,1955,209
Earl,Torgeson,,Bowman,1955,210
Sonny,Dixon,,Bowman,1955,211
Jack,Dittmer,,Bowman,1955,212
George,Kell,,Bowman,1955,213
Billy,Pierce,,Bowman,1955,214
Bob,Kuzava,,Bowman,1955,215
Preacher,Roe,,Bowman,1955,216
Del,Crandall,,Bowman,1955,217
Joe,Adcock,,Bowman,1955,218
Whitey,Lockman,,Bowman,1955,219
Jim,Hearn,,Bowman,1955,220
Hector,Brown,,Bowman,1955,221
Russ,Kemmerer,,Bowman,1955,222
Hal,Jeffcoat,,Bowman,1955,223
Dee,Fondy,,Bowman,1955,224
Paul,Richards,,Bowman,1955,225
Bill,McKinley UMP,,Bowman,1955,226
Frank,Baumholtz,,Bowman,1955,227
John,Phillips,,Bowman,1955,228
Jim,Brosnan,1955,Bowman,1955,229
Al,Brazle,,Bowman,1955,230
Jim,Konstanty,,Bowman,1955,231
Birdie,Tebbetts,,Bowman,1955,232
Bill,Serena,,Bowman,1955,233
Dick,Bartell,,Bowman,1955,234
Joe,Paparella UMP,,Bowman,1955,235
Murry,Dickson,,Bowman,1955,236
Johnny,Wyrostek,,Bowman,1955,237
Eddie,Stanky,,Bowman,1955,238
Edwin,Rommel UMP,,Bowman,1955,239
Billy,Loes,,Bowman,1955,240
Johnny,Pesky,,Bowman,1955,241
Ernie,Banks,,Bowman,1955,242
Gus,Bell,,Bowman,1955,243
Duane,Pillette,,Bowman,1955,244
Bill,Miller,,Bowman,1955,245
Hank,Bauer,,Bowman,1955,246
Dutch,Leonard,,Bowman,1955,247
Harry,Dorish,,Bowman,1955,248
Billy,Gardner,1955,Bowman,1955,249
Larry,Napp UMP,,Bowman,1955,250
Stan,Jok,,Bowman,1955,251
Roy,Smalley,,Bowman,1955,252
Jim,Wilson,,Bowman,1955,253
Bennett,Flowers,,Bowman,1955,254
Pete,Runnels,,Bowman,1955,255
Owen,Friend,,Bowman,1955,256
Tom,Alston,,Bowman,1955,257
John,Stevens UMP,,Bowman,1955,258
Don,Mossi,1955,Bowman,1955,259
Edwin,Hurley UMP,,Bowman,1955,260
Walt,Moryn,,Bowman,1955,261
Jim,Lemon FBC,,Bowman,1955,262
Eddie,Joost,,Bowman,1955,263
Bill,Henry,,Bowman,1955,264
Al,Barlick UMP,,Bowman,1955,265
Mike,Fornieles,,Bowman,1955,266
J.Honochick,UMP,,Bowman,1955,267
Roy,Lee Hawes,,Bowman,1955,268
Joe,Amalfitano,1955,Bowman,1955,269
Chico,Fernandez,,Bowman,1955,270
Bob,Hooper,,Bowman,1955,271
John,Flaherty UMP,,Bowman,1955,272
Bubba,Church,,Bowman,1955,273
Jim,Delsing,,Bowman,1955,274
William,Grieve UMP,,Bowman,1955,275
Ike,Delock,,Bowman,1955,276
Ed,Runge UMP,,Bowman,1955,277
Charlie,Neal,1955,Bowman,1955,278
Hank,Soar UMP,,Bowman,1955,279
Clyde,McCullough,,Bowman,1955,280
Charles,Berry UMP,,Bowman,1955,281
Phil,Cavarretta,,Bowman,1955,282
Nestor,Chylak UMP,,Bowman,1955,283
Bill,Jackowski UMP,,Bowman,1955,284
Walt,Dropo,,Bowman,1955,285
Frank,Secory UMP,,Bowman,1955,286
Ron,Mrozinski,,Bowman,1955,287
Dick,Smith,,Bowman,1955,288
Arthur,Gore UMP,,Bowman,1955,289
Hershell,Freeman,,Bowman,1955,290
Frank,Dascoli UMP,,Bowman,1955,291
Marv,Blaylock,,Bowman,1955,292
Thomas,Gorman UMP,,Bowman,1955,293
Wally,Moses,,Bowman,1955,294
Lee,Ballanfant UMP,,Bowman,1955,295
Bill,Virdon,1955,Bowman,1955,296
Dusty,Boggess UMP,,Bowman,1955,297
Charlie,Grimm,,Bowman,1955,298
Lon,Warneke UMP,,Bowman,1955,299
Tommy,Byrne,,Bowman,1955,300
William,Engeln UMP,,Bowman,1955,301
Frank,Malzone,1955,Bowman,1955,302
Jocko,Conlan UMP,,Bowman,1955,303
Harry,Chiti,,Bowman,1955,304
Frank,Umont UMP,,Bowman,1955,305
Bob,Cerv,,Bowman,1955,306
Babe,Pinelli UMP,,Bowman,1955,307
Al,Lopez,,Bowman,1955,308
Hal,Dixon UMP,,Bowman,1955,309
Ken,Lehman,,Bowman,1955,310
Lawrence,Goetz UMP,,Bowman,1955,311
Bill,Wight,,Bowman,1955,312
Augie,Donatelli UMP,,Bowman,1955,313
Dale,Mitchell,,Bowman,1955,314
Cal,Hubbard UMP,,Bowman,1955,315
Marion,Fricano,,Bowman,1955,316
William,Summers UMP,,Bowman,1955,317
Sid,Hudson,,Bowman,1955,318
Al,Schroll,,Bowman,1955,319
George,Susce,1955,Bowman,1955,320
Bowman,Baseball Card Checklist,,Bowman,1955,1955
Vern,Bickford,1949,Bowman,1949,1
Whitey,Lockman,,Bowman,1949,2
Bob,Porterfield,1949,Bowman,1949,3
Jerry,Priddy NNOF,1949,Bowman,1949,4A
Jerry,Priddy NOF,,Bowman,1949,4B
Hank,Sauer,,Bowman,1949,5
Phil,Cavarretta,1949,Bowman,1949,6
Joe,Dobson,1949,Bowman,1949,7
Murry,Dickson,1949,Bowman,1949,8
Ferris,Fain,,Bowman,1949,9
Ted,Gray,1949,Bowman,1949,10
Lou,Boudreau,1949,Bowman,1949,11
Cass,Michaels,1949,Bowman,1949,12
Bob,Chesnes,1949,Bowman,1949,13
Curt,Simmons,1949,Bowman,1949,14
Ned,Garver,1949,Bowman,1949,15
Al,Kozar,1949,Bowman,1949,16
Earl,Torgeson,1949,Bowman,1949,17
Bobby,Thomson,,Bowman,1949,18
Bobby,Brown,1949,Bowman,1949,19
Gene,Hermanski,1949,Bowman,1949,20
Frank,Baumholtz,1949,Bowman,1949,21
Peanuts,Lowrey,1949,Bowman,1949,22
Bobby,Doerr,,Bowman,1949,23
Stan,Musial,,Bowman,1949,24
Carl,Scheib,1949,Bowman,1949,25
George,Kell,1949,Bowman,1949,26
Bob,Feller,,Bowman,1949,27
Don,Kolloway,1949,Bowman,1949,28
Ralph,Kiner,,Bowman,1949,29
Andy,Seminick,,Bowman,1949,30
Dick,Kokos,1949,Bowman,1949,31
Eddie,Yost,1949,Bowman,1949,32
Warren,Spahn,,Bowman,1949,33
Dave,Koslo,,Bowman,1949,34
Vic,Raschi,1949,Bowman,1949,35
Pee,Wee Reese,,Bowman,1949,36
Johnny,Wyrostek,,Bowman,1949,37
Emil,Verban,,Bowman,1949,38
Billy,Goodman,1949,Bowman,1949,39
George,Munger,1949,Bowman,1949,40
Lou,Brissie,1949,Bowman,1949,41
Hoot,Evers,1949,Bowman,1949,42
Dale,Mitchell,1949,Bowman,1949,43
Dave,Philley,1949,Bowman,1949,44
Wally,Westlake,1949,Bowman,1949,45
Robin,Roberts,1949,Bowman,1949,46
Johnny,Sain,,Bowman,1949,47
Willard,Marshall,,Bowman,1949,48
Frank,Shea,,Bowman,1949,49
Jackie,Robinson,1949,Bowman,1949,50
Herman,Wehmeier,,Bowman,1949,51
Johnny,Schmitz,1949,Bowman,1949,52
Jack,Kramer,1949,Bowman,1949,53
Marty,Marion,,Bowman,1949,54
Eddie,Joost,,Bowman,1949,55
Pat,Mullin,1949,Bowman,1949,56
Gene,Bearden,1949,Bowman,1949,57
Bob,Elliott,,Bowman,1949,58
Jack,Lohrke,,Bowman,1949,59
Yogi,Berra,,Bowman,1949,60
Rex,Barney,,Bowman,1949,61
Grady,Hatton,1949,Bowman,1949,62
Andy,Pafko,1949,Bowman,1949,63
Dom,DiMaggio,,Bowman,1949,64
Enos,Slaughter,,Bowman,1949,65
Elmer,Valo,1949,Bowman,1949,66
Alvin,Dark,1949,Bowman,1949,67
Sheldon,Jones,,Bowman,1949,68
Tommy,Henrich,,Bowman,1949,69
Carl,Furillo,1949,Bowman,1949,70
Vern,Stephens,1949,Bowman,1949,71
Tommy,Holmes,1949,Bowman,1949,72
Billy,Cox,1949,Bowman,1949,73
Tom,McBride,1949,Bowman,1949,74
Eddie,Mayo,1949,Bowman,1949,75
Bill,Nicholson,1949,Bowman,1949,76
Ernie,Bonham,1949,Bowman,1949,77
Sam,Zoldak NNOF,1949,Bowman,1949,78A
Sam,Zoldak NOF,,Bowman,1949,78B
Ron,Northey,1949,Bowman,1949,79
Bill,McCahan,,Bowman,1949,80
Virgil,Stallcup,1949,Bowman,1949,81
Joe,Page,,Bowman,1949,82
Bob,Scheffing NNOF,1949,Bowman,1949,83A
Bob,Scheffing NOF,,Bowman,1949,83B
Roy,Campanella,1949,Bowman,1949,84
Johnny,Mize NNOF,,Bowman,1949,85A
Johnny,Mize NOF,,Bowman,1949,85B
Johnny,Pesky,1949,Bowman,1949,86
Randy,Gumpert,1949,Bowman,1949,87
Bill,Salkeld NNOF,1949,Bowman,1949,88A
Bill,Salkeld NOF,,Bowman,1949,88B
Mizell,Platt,1949,Bowman,1949,89
Gil,Coan,1949,Bowman,1949,90
Dick,Wakefield,1949,Bowman,1949,91
Willie,Jones,1949,Bowman,1949,92
Ed,Stevens,1949,Bowman,1949,93
Mickey,Vernon,1949,Bowman,1949,94
Howie,Pollet,1949,Bowman,1949,95
Taft,Wright,,Bowman,1949,96
Danny,Litwhiler,1949,Bowman,1949,97
Phil,Rizzuto NNOF,,Bowman,1949,98A
Phil,Rizzuto NOF,,Bowman,1949,98B
Frank,Gustine,1949,Bowman,1949,99
Gil,Hodges,1949,Bowman,1949,100
Sid,Gordon,,Bowman,1949,101
Stan,Spence,1949,Bowman,1949,102
Joe,Tipton,1949,Bowman,1949,103
Eddie,Stanky,1949,Bowman,1949,104
Bill,Kennedy,1949,Bowman,1949,105
Jake,Early,1949,Bowman,1949,106
Eddie,Lake,1949,Bowman,1949,107
Ken,Heintzelman,1949,Bowman,1949,108
Ed,Fitzgerald SCR,1949,Bowman,1949,109A
Ed,Fitzgerald PR,,Bowman,1949,109B
Early,Wynn,1949,Bowman,1949,110
Red,Schoendienst,,Bowman,1949,111
Sam,Chapman,,Bowman,1949,112
Ray,LaManno,1949,Bowman,1949,113
Allie,Reynolds,,Bowman,1949,114
Dutch,Leonard,,Bowman,1949,115
Joe,Hatten,1949,Bowman,1949,116
Walker,Cooper,,Bowman,1949,117
Sam,Mele,1949,Bowman,1949,118
Floyd,Baker,1949,Bowman,1949,119
Cliff,Fannin,1949,Bowman,1949,120
Mark,Christman,1949,Bowman,1949,121
George,Vico,1949,Bowman,1949,122
Johnny,Blatnik,,Bowman,1949,123
D.Murtaugh,SCR,1949,Bowman,1949,124A
D.Murtaugh,PR,,Bowman,1949,124B
Ken,Keltner,1949,Bowman,1949,125
Al,Brazle SCR,1949,Bowman,1949,126A
Al,Brazle PR,,Bowman,1949,126B
Hank,Majeski SCR,1949,Bowman,1949,127A
Hank,Majeski PR,,Bowman,1949,127B
Johnny,VanderMeer,,Bowman,1949,128
Bill,Johnson,,Bowman,1949,129
Harry,Walker,1949,Bowman,1949,130
Paul,Lehner,1949,Bowman,1949,131
Al,Evans SCR,1949,Bowman,1949,132A
Al,Evans PR,,Bowman,1949,132B
Aaron,Robinson,1949,Bowman,1949,133
Hank,Borowy,1949,Bowman,1949,134
Stan,Rojek,1949,Bowman,1949,135
Hank,Edwards,1949,Bowman,1949,136
Ted,Wilks,1949,Bowman,1949,137
Buddy,Rosar,,Bowman,1949,138
Hank,Arft,1949,Bowman,1949,139
Ray,Scarborough,1949,Bowman,1949,140
Tony,Lupien,1949,Bowman,1949,141
Eddie,Waitkus,1949,Bowman,1949,142
Bob,Dillinger SCR,1949,Bowman,1949,143A
Bob,Dillinger PR,,Bowman,1949,143B
Mickey,Haefner,1949,Bowman,1949,144
Sylvester,Donnelly,1949,Bowman,1949,145
Mike,McCormick,1949,Bowman,1949,146
Bert,Singleton,1949,Bowman,1949,147
Bob,Swift,1949,Bowman,1949,148
Roy,Partee,1949,Bowman,1949,149
Allie,Clark,1949,Bowman,1949,150
Mickey,Harris,1949,Bowman,1949,151
Clarence,Maddern,1949,Bowman,1949,152
Phil,Masi,1949,Bowman,1949,153
Clint,Hartung,,Bowman,1949,154
Mickey,Guerra,1949,Bowman,1949,155
Al,Zarilla,1949,Bowman,1949,156
Walt,Masterson,1949,Bowman,1949,157
Harry,Brecheen,1949,Bowman,1949,158
Glen,Moulder,1949,Bowman,1949,159
Jim,Blackburn,1949,Bowman,1949,160
Jocko,Thompson,1949,Bowman,1949,161
Preacher,Roe,1949,Bowman,1949,162
Clyde,McCullough,1949,Bowman,1949,163
Vic,Wertz,1949,Bowman,1949,164
Snuffy,Stirnweiss,,Bowman,1949,165
Mike,Tresh,1949,Bowman,1949,166
Babe,Martin,1949,Bowman,1949,167
Doyle,Lade,1949,Bowman,1949,168
Jeff,Heath,1949,Bowman,1949,169
Bill,Rigney,,Bowman,1949,170
Dick,Fowler,1949,Bowman,1949,171
Eddie,Pellagrini,1949,Bowman,1949,172
Eddie,Stewart,1949,Bowman,1949,173
Terry,Moore,1949,Bowman,1949,174
Luke,Appling,,Bowman,1949,175
Ken,Raffensberger,1949,Bowman,1949,176
Stan,Lopata,1949,Bowman,1949,177
Tom,Brown,1949,Bowman,1949,178
Hugh,Casey,,Bowman,1949,179
Connie,Berry,,Bowman,1949,180
Gus,Niarhos,1949,Bowman,1949,181
Hal,Peck,1949,Bowman,1949,182
Lou,Stringer,1949,Bowman,1949,183
Bob,Chipman,1949,Bowman,1949,184
Pete,Reiser,,Bowman,1949,185
Buddy,Kerr,,Bowman,1949,186
Phil,Marchildon,1949,Bowman,1949,187
Karl,Drews,1949,Bowman,1949,188
Earl,Wooten,1949,Bowman,1949,189
Jim,Hearn,1949,Bowman,1949,190
Joe,Haynes,1949,Bowman,1949,191
Harry,Gumbert,,Bowman,1949,192
Ken,Trinkle,1949,Bowman,1949,193
Ralph,Branca,1949,Bowman,1949,194
Eddie,Bockman,1949,Bowman,1949,195
Fred,Hutchinson,1949,Bowman,1949,196
Johnny,Lindell,,Bowman,1949,197
Steve,Gromek,1949,Bowman,1949,198
Tex,Hughson,1949,Bowman,1949,199
Jess,Dobernic,1949,Bowman,1949,200
Sibby,Sisti,1949,Bowman,1949,201
Larry,Jansen,,Bowman,1949,202
Barney,McCosky,,Bowman,1949,203
Bob,Savage,1949,Bowman,1949,204
Dick,Sisler,1949,Bowman,1949,205
Bruce,Edwards,,Bowman,1949,206
Johnny,Hopp,1949,Bowman,1949,207
Dizzy,Trout,,Bowman,1949,208
Charlie,Keller,,Bowman,1949,209
Joe,Gordon,1949,Bowman,1949,210
Boo,Ferriss,1949,Bowman,1949,211
Ralph,Hamner,1949,Bowman,1949,212
Red,Barrett,1949,Bowman,1949,213
Richie,Ashburn,1949,Bowman,1949,214
Kirby,Higbe,,Bowman,1949,215
Schoolboy,Rowe,,Bowman,1949,216
Marino,Pieretti,1949,Bowman,1949,217
Dick,Kryhoski,1949,Bowman,1949,218
Virgil,Trucks,1949,Bowman,1949,219
Johnny,McCarthy,,Bowman,1949,220
Bob,Muncrief,1949,Bowman,1949,221
Alex,Kellner,1949,Bowman,1949,222
Bobby,Hofman,1949,Bowman,1949,223
Satchel,Paige,1949,Bowman,1949,224
Jerry,Coleman,1949,Bowman,1949,225
Duke,Snider,1949,Bowman,1949,226
Fritz,Ostermueller,,Bowman,1949,227
Jackie,Mayo,1949,Bowman,1949,228
Ed,Lopat,1949,Bowman,1949,229
Augie,Galan,,Bowman,1949,230
Earl,Johnson,1949,Bowman,1949,231
George,McQuinn,,Bowman,1949,232
Larry,Doby,1949,Bowman,1949,233
Rip,Sewell,1949,Bowman,1949,234
Jim,Russell,1949,Bowman,1949,235
Fred,Sanford,1949,Bowman,1949,236
Monte,Kennedy,1949,Bowman,1949,237
Bob,Lemon,1949,Bowman,1949,238
Frank,McCormick,,Bowman,1949,239
Babe,Young,,Bowman,1949,240
Bowman,Baseball Card Checklist,,Bowman,1949,1949
Davey,Williams,,Bowman,1953,1
Vic,Wertz,,Bowman,1953,2
Sam,Jethroe,,Bowman,1953,3
Art,Houtteman,,Bowman,1953,4
Sid,Gordon,,Bowman,1953,5
Joe,Ginsberg,,Bowman,1953,6
Harry,Chiti,,Bowman,1953,7
Al,Rosen,,Bowman,1953,8
Phil,Rizzuto,,Bowman,1953,9
Richie,Ashburn,,Bowman,1953,10
Bobby,Shantz,,Bowman,1953,11
Carl,Erskine,,Bowman,1953,12
Gus,Zernial,,Bowman,1953,13
Billy,Loes,,Bowman,1953,14
Jim,Busby,,Bowman,1953,15
Bob,Friend,,Bowman,1953,16
Gerry,Staley,,Bowman,1953,17
Nellie,Fox,,Bowman,1953,18
Alvin,Dark,,Bowman,1953,19
Don,Lenhardt,,Bowman,1953,20
Joe,Garagiola,,Bowman,1953,21
Bob,Porterfield,,Bowman,1953,22
Herman,Wehmeier,,Bowman,1953,23
Jackie,Jensen,,Bowman,1953,24
Hoot,Evers,,Bowman,1953,25
Roy,McMillan,,Bowman,1953,26
Vic,Raschi,,Bowman,1953,27
Smoky,Burgess,,Bowman,1953,28
Bobby,Avila,,Bowman,1953,29
Phil,Cavarretta,,Bowman,1953,30
Jimmy,Dykes,,Bowman,1953,31
Stan,Musial,,Bowman,1953,32
Pee,Wee Reese,,Bowman,1953,33
Gil,Coan,,Bowman,1953,34
Maurice,McDermott,,Bowman,1953,35
Minnie,Minoso,,Bowman,1953,36
Jim,Wilson,,Bowman,1953,37
Harry,Byrd,,Bowman,1953,38
Paul,Richards,,Bowman,1953,39
Larry,Doby,,Bowman,1953,40
Sammy,White,,Bowman,1953,41
Tommy,Brown,,Bowman,1953,42
Mike,Garcia,,Bowman,1953,43
Walt,Dropo,,Bowman,1953,45
Roy,Campanella,,Bowman,1953,46
Ned,Garver,,Bowman,1953,47
Hank,Sauer,,Bowman,1953,48
Eddie,Stanky,,Bowman,1953,49
Dutch,Leonard,,Bowman,1953,50
Lou,Burdette,,Bowman,1953,51
Marty,Marion,,Bowman,1953,52
Morris,Martin,,Bowman,1953,53
Chico,Carrasquel,,Bowman,1953,54
Leo,Durocher,,Bowman,1953,55
Roy,Smalley,,Bowman,1953,56
Lou,Boudreau,,Bowman,1953,57
Willard,Marshall,,Bowman,1953,58
Duane,Pillette,,Bowman,1953,59
Granny,Hamner,,Bowman,1953,60
George,Kell,,Bowman,1953,61
Ted,Kluszewski,,Bowman,1953,62
Gil,McDougald,,Bowman,1953,63
Curt,Simmons,,Bowman,1953,64
Robin,Roberts,,Bowman,1953,65
Mel,Parnell,,Bowman,1953,66
Mel,Clark,,Bowman,1953,67
Allie,Reynolds,,Bowman,1953,68
Charlie,Grimm,,Bowman,1953,69
Clint,Courtney,,Bowman,1953,70
Paul,Minner,,Bowman,1953,71
Ted,Gray,,Bowman,1953,72
Billy,Pierce,,Bowman,1953,73
Don,Mueller,,Bowman,1953,74
Saul,Rogovin,,Bowman,1953,75
Jim,Hearn,,Bowman,1953,76
Mickey,Grasso,,Bowman,1953,77
Carl,Furillo,,Bowman,1953,78
Ray,Boone,,Bowman,1953,79
Ralph,Kiner,,Bowman,1953,80
Enos,Slaughter,,Bowman,1953,81
Joe,Astroth,,Bowman,1953,82
Jack,Daniels,,Bowman,1953,83
Hank,Bauer,,Bowman,1953,84
Solly,Hemus,,Bowman,1953,85
Harry,Simpson,,Bowman,1953,86
Harry,Perkowski,,Bowman,1953,87
Joe,Dobson,,Bowman,1953,88
Sandy,Consuegra,,Bowman,1953,89
Joe,Nuxhall,,Bowman,1953,90
Steve,Souchock,,Bowman,1953,91
Gil,Hodges,,Bowman,1953,92
Bob,Addis,,Bowman,1953,94
Wally,Moses,,Bowman,1953,95
Sal,Maglie,,Bowman,1953,96
Eddie,Mathews,,Bowman,1953,97
Hector,Rodriguez,,Bowman,1953,98
Warren,Spahn,,Bowman,1953,99
Bill,Wight,,Bowman,1953,100
Red,Schoendienst,,Bowman,1953,101
Jim,Hegan,,Bowman,1953,102
Del,Ennis,,Bowman,1953,103
Luke,Easter,,Bowman,1953,104
Eddie,Joost,,Bowman,1953,105
Ken,Raffensberger,,Bowman,1953,106
Alex,Kellner,,Bowman,1953,107
Bobby,Adams,,Bowman,1953,108
Ken,Wood,,Bowman,1953,109
Bob,Rush,,Bowman,1953,110
Jim,Dyck,,Bowman,1953,111
Toby,Atwell,,Bowman,1953,112
Karl,Drews,,Bowman,1953,113
Bob,Feller,,Bowman,1953,114
Cloyd,Boyer,,Bowman,1953,115
Eddie,Yost,,Bowman,1953,116
Duke,Snider,,Bowman,1953,117
Billy,Martin,,Bowman,1953,118
Dale,Mitchell,,Bowman,1953,119
Marlin,Stuart,,Bowman,1953,120
Yogi,Berra,,Bowman,1953,121
Bill,Serena,,Bowman,1953,122
Johnny,Lipon,,Bowman,1953,123
Chuck,Dressen,,Bowman,1953,124
Fred,Hatfield,,Bowman,1953,125
Al,Corwin,,Bowman,1953,126
Dick,Kryhoski,,Bowman,1953,127
Whitey,Lockman,,Bowman,1953,128
Russ,Meyer,,Bowman,1953,129
Cass,Michaels,,Bowman,1953,130
Connie,Ryan,,Bowman,1953,131
Fred,Hutchinson,,Bowman,1953,132
Willie,Jones,,Bowman,1953,133
Johnny,Pesky,,Bowman,1953,134
Bobby,Morgan,,Bowman,1953,135
Jim,Brideweser,,Bowman,1953,136
Sam,Dente,,Bowman,1953,137
Bubba,Church,,Bowman,1953,138
Pete,Runnels,,Bowman,1953,139
Al,Brazle,,Bowman,1953,140
Frank,Shea,,Bowman,1953,141
Larry,Miggins,,Bowman,1953,142
Al,Lopez,,Bowman,1953,143
Warren,Hacker,,Bowman,1953,144
George,Shuba,,Bowman,1953,145
Early,Wynn,,Bowman,1953,146
Clem,Koshorek,,Bowman,1953,147
Billy,Goodman,,Bowman,1953,148
Al,Corwin,,Bowman,1953,149
Carl,Scheib,,Bowman,1953,150
Joe,Adcock,,Bowman,1953,151
Clyde,Vollmer,,Bowman,1953,152
Whitey,Ford,,Bowman,1953,153
Turk,Lown,,Bowman,1953,154
Allie,Clark,,Bowman,1953,155
Max,Surkont,,Bowman,1953,156
Sherm,Lollar,,Bowman,1953,157
Howard,Fox,,Bowman,1953,158
Mickey,Vernon,,Bowman,1953,159
Cal,Abrams,,Bowman,1953,160
Bowman,Baseball Card Checklist,,Bowman,1953,1953
